Series,Experiment parameter,Variable parameter,precision@10,Interval low,Interval high,Average position
"10,000 points",10000,30,0.98,0.9525605042164392,1.0,
"10,000 points",10000,31,0.96,0.9215927065891575,0.9984072934108424,
"10,000 points",10000,32,1.0,1.0,1.0,
"10,000 points",10000,33,0.98,0.9525605042164392,1.0,
"10,000 points",10000,34,0.98,0.9525605042164392,1.0,
"10,000 points",10000,35,0.98,0.9525605042164392,1.0,
"10,000 points",10000,36,0.99,0.9704986045820121,1.0,
"10,000 points",10000,37,0.94,0.8934534343385949,0.986546565661405,
"10,000 points",10000,38,0.98,0.9525605042164392,1.0,
"10,000 points",10000,39,0.99,0.9704986045820121,1.0,
"10,000 points",10000,40,0.92,0.8668275100072333,0.9731724899927667,
"10,000 points",10000,41,0.97,0.9365655190436282,1.0,
"10,000 points",10000,42,1.0,1.0,1.0,
"10,000 points",10000,43,1.0,1.0,1.0,
"10,000 points",10000,44,0.98,0.9525605042164392,1.0,
"10,000 points",10000,45,0.97,0.9365655190436282,1.0,
"10,000 points",10000,46,0.97,0.9365655190436282,1.0,
"10,000 points",10000,47,0.99,0.9704986045820121,1.0,
"10,000 points",10000,48,0.97,0.9365655190436282,1.0,
"10,000 points",10000,49,0.96,0.9215927065891575,0.9984072934108424,
"10,000 points",10000,50,0.96,0.9215927065891575,0.9984072934108424,
"10,000 points",10000,51,0.95,0.9072835752920528,0.9927164247079471,
"10,000 points",10000,52,0.94,0.8934534343385949,0.986546565661405,
"10,000 points",10000,53,0.98,0.9525605042164392,1.0,
"10,000 points",10000,54,0.97,0.9365655190436282,1.0,
"10,000 points",10000,55,0.98,0.9525605042164392,1.0,
"10,000 points",10000,56,0.97,0.9365655190436282,1.0,
"10,000 points",10000,57,0.99,0.9704986045820121,1.0,
"10,000 points",10000,58,0.98,0.9525605042164392,1.0,
"10,000 points",10000,59,1.0,1.0,1.0,
"10,000 points",10000,60,0.97,0.9365655190436282,1.0,
"10,000 points",10000,61,0.99,0.9704986045820121,1.0,
"10,000 points",10000,62,0.99,0.9704986045820121,1.0,
"10,000 points",10000,63,0.98,0.9525605042164392,1.0,
"10,000 points",10000,64,0.98,0.9525605042164392,1.0,
"10,000 points",10000,65,0.95,0.9072835752920528,0.9927164247079471,
"10,000 points",10000,66,0.98,0.9525605042164392,1.0,
"10,000 points",10000,67,0.96,0.9215927065891575,0.9984072934108424,
"10,000 points",10000,68,0.93,0.8799921037007967,0.9800078962992034,
"10,000 points",10000,69,0.97,0.9365655190436282,1.0,
"10,000 points",10000,70,0.98,0.9525605042164392,1.0,
"10,000 points",10000,71,0.97,0.9365655190436282,1.0,
"10,000 points",10000,72,0.98,0.9525605042164392,1.0,
"10,000 points",10000,73,0.98,0.9525605042164392,1.0,
"10,000 points",10000,74,0.94,0.8934534343385949,0.986546565661405,
"10,000 points",10000,75,0.94,0.8934534343385949,0.986546565661405,
"10,000 points",10000,76,0.98,0.9525605042164392,1.0,
"10,000 points",10000,77,0.99,0.9704986045820121,1.0,
"10,000 points",10000,78,0.96,0.9215927065891575,0.9984072934108424,
"10,000 points",10000,79,0.94,0.8934534343385949,0.986546565661405,
"10,000 points",10000,80,0.9,0.8412010804637984,0.9587989195362017,
"10,000 points",10000,81,0.93,0.8799921037007967,0.9800078962992034,
"10,000 points",10000,82,0.99,0.9704986045820121,1.0,
"10,000 points",10000,83,0.96,0.9215927065891575,0.9984072934108424,
"10,000 points",10000,84,0.95,0.9072835752920528,0.9927164247079471,
"10,000 points",10000,85,0.93,0.8799921037007967,0.9800078962992034,
"10,000 points",10000,86,0.91,0.8539094056534566,0.9660905943465434,
"10,000 points",10000,87,0.92,0.8668275100072333,0.9731724899927667,
"10,000 points",10000,88,0.94,0.8934534343385949,0.986546565661405,
"10,000 points",10000,89,0.92,0.8668275100072333,0.9731724899927667,
"10,000 points",10000,90,0.85,0.7800152874094276,0.9199847125905724,
"10,000 points",10000,91,0.57,0.47296693568931614,0.6670330643106838,
"10,000 points",10000,92,0.59,0.4936024435617837,0.6863975564382162,
"10,000 points",10000,93,0.19,0.11311043552569529,0.26688956447430473,
"10,000 points",10000,94,0.08,0.026827510007233275,0.13317248999276673,
"10,000 points",10000,95,0.09,0.03390940565345656,0.14609059434654342,
"10,000 points",10000,96,0.08,0.026827510007233275,0.13317248999276673,
"10,000 points",10000,97,0.03,0.0,0.06343448095637183,
"10,000 points",10000,98,0.12,0.056308709271573096,0.18369129072842688,
"20,000 points",20000,30,0.93,0.8799921037007967,0.9800078962992034,
"20,000 points",20000,31,0.96,0.9215927065891575,0.9984072934108424,
"20,000 points",20000,32,0.96,0.9215927065891575,0.9984072934108424,
"20,000 points",20000,33,0.93,0.8799921037007967,0.9800078962992034,
"20,000 points",20000,34,0.93,0.8799921037007967,0.9800078962992034,
"20,000 points",20000,35,0.97,0.9365655190436282,1.0,
"20,000 points",20000,36,0.96,0.9215927065891575,0.9984072934108424,
"20,000 points",20000,37,0.94,0.8934534343385949,0.986546565661405,
"20,000 points",20000,38,0.97,0.9365655190436282,1.0,
"20,000 points",20000,39,0.93,0.8799921037007967,0.9800078962992034,
"20,000 points",20000,40,0.95,0.9072835752920528,0.9927164247079471,
"20,000 points",20000,41,0.99,0.9704986045820121,1.0,
"20,000 points",20000,42,0.95,0.9072835752920528,0.9927164247079471,
"20,000 points",20000,43,0.95,0.9072835752920528,0.9927164247079471,
"20,000 points",20000,44,0.92,0.8668275100072333,0.9731724899927667,
"20,000 points",20000,45,0.98,0.9525605042164392,1.0,
"20,000 points",20000,46,0.96,0.9215927065891575,0.9984072934108424,
"20,000 points",20000,47,0.93,0.8799921037007967,0.9800078962992034,
"20,000 points",20000,48,0.98,0.9525605042164392,1.0,
"20,000 points",20000,49,0.98,0.9525605042164392,1.0,
"20,000 points",20000,50,0.95,0.9072835752920528,0.9927164247079471,
"20,000 points",20000,51,0.96,0.9215927065891575,0.9984072934108424,
"20,000 points",20000,52,0.93,0.8799921037007967,0.9800078962992034,
"20,000 points",20000,53,0.97,0.9365655190436282,1.0,
"20,000 points",20000,54,0.91,0.8539094056534566,0.9660905943465434,
"20,000 points",20000,55,0.99,0.9704986045820121,1.0,
"20,000 points",20000,56,0.98,0.9525605042164392,1.0,
"20,000 points",20000,57,0.99,0.9704986045820121,1.0,
"20,000 points",20000,58,0.98,0.9525605042164392,1.0,
"20,000 points",20000,59,0.97,0.9365655190436282,1.0,
"20,000 points",20000,60,0.99,0.9704986045820121,1.0,
"20,000 points",20000,61,0.97,0.9365655190436282,1.0,
"20,000 points",20000,62,1.0,1.0,1.0,
"20,000 points",20000,63,0.96,0.9215927065891575,0.9984072934108424,
"20,000 points",20000,64,0.97,0.9365655190436282,1.0,
"20,000 points",20000,65,0.99,0.9704986045820121,1.0,
"20,000 points",20000,66,0.98,0.9525605042164392,1.0,
"20,000 points",20000,67,0.97,0.9365655190436282,1.0,
"20,000 points",20000,68,0.96,0.9215927065891575,0.9984072934108424,
"20,000 points",20000,69,0.97,0.9365655190436282,1.0,
"20,000 points",20000,70,0.98,0.9525605042164392,1.0,
"20,000 points",20000,71,0.95,0.9072835752920528,0.9927164247079471,
"20,000 points",20000,72,1.0,1.0,1.0,
"20,000 points",20000,73,0.95,0.9072835752920528,0.9927164247079471,
"20,000 points",20000,74,0.97,0.9365655190436282,1.0,
"20,000 points",20000,75,0.93,0.8799921037007967,0.9800078962992034,
"20,000 points",20000,76,0.95,0.9072835752920528,0.9927164247079471,
"20,000 points",20000,77,0.96,0.9215927065891575,0.9984072934108424,
"20,000 points",20000,78,0.93,0.8799921037007967,0.9800078962992034,
"20,000 points",20000,79,0.95,0.9072835752920528,0.9927164247079471,
"20,000 points",20000,80,0.88,0.8163087092715731,0.943691290728427,
"20,000 points",20000,81,0.96,0.9215927065891575,0.9984072934108424,
"20,000 points",20000,82,0.88,0.8163087092715731,0.943691290728427,
"20,000 points",20000,83,0.93,0.8799921037007967,0.9800078962992034,
"20,000 points",20000,84,0.93,0.8799921037007967,0.9800078962992034,
"20,000 points",20000,85,0.93,0.8799921037007967,0.9800078962992034,
"20,000 points",20000,86,0.91,0.8539094056534566,0.9660905943465434,
"20,000 points",20000,87,0.91,0.8539094056534566,0.9660905943465434,
"20,000 points",20000,88,0.6,0.5039817664728937,0.6960182335271062,
"20,000 points",20000,89,0.49,0.3920214023731987,0.5879785976268013,
"20,000 points",20000,90,0.42,0.3232643101683205,0.5167356898316795,
"20,000 points",20000,91,0.35,0.25651567608909426,0.4434843239109057,
"20,000 points",20000,92,0.3,0.2101831668145794,0.3898168331854206,
"20,000 points",20000,93,0.2,0.12160144061839782,0.2783985593816022,
"20,000 points",20000,94,0.04,0.0015927065891575137,0.07840729341084249,
"20,000 points",20000,95,0.05,0.007283575292052945,0.09271642470794705,
"20,000 points",20000,96,0.08,0.026827510007233275,0.13317248999276673,
"20,000 points",20000,97,0.07,0.019992103700796647,0.12000789629920336,
"20,000 points",20000,98,0.05,0.007283575292052945,0.09271642470794705,
"30,000 points",30000,30,0.96,0.9215927065891575,0.9984072934108424,
"30,000 points",30000,31,0.96,0.9215927065891575,0.9984072934108424,
"30,000 points",30000,32,0.94,0.8934534343385949,0.986546565661405,
"30,000 points",30000,33,0.95,0.9072835752920528,0.9927164247079471,
"30,000 points",30000,34,0.94,0.8934534343385949,0.986546565661405,
"30,000 points",30000,35,0.97,0.9365655190436282,1.0,
"30,000 points",30000,36,0.95,0.9072835752920528,0.9927164247079471,
"30,000 points",30000,37,0.98,0.9525605042164392,1.0,
"30,000 points",30000,38,0.92,0.8668275100072333,0.9731724899927667,
"30,000 points",30000,39,0.96,0.9215927065891575,0.9984072934108424,
"30,000 points",30000,40,0.96,0.9215927065891575,0.9984072934108424,
"30,000 points",30000,41,0.98,0.9525605042164392,1.0,
"30,000 points",30000,42,0.96,0.9215927065891575,0.9984072934108424,
"30,000 points",30000,43,0.93,0.8799921037007967,0.9800078962992034,
"30,000 points",30000,44,0.99,0.9704986045820121,1.0,
"30,000 points",30000,45,0.96,0.9215927065891575,0.9984072934108424,
"30,000 points",30000,46,0.94,0.8934534343385949,0.986546565661405,
"30,000 points",30000,47,0.99,0.9704986045820121,1.0,
"30,000 points",30000,48,0.96,0.9215927065891575,0.9984072934108424,
"30,000 points",30000,49,0.94,0.8934534343385949,0.986546565661405,
"30,000 points",30000,50,0.98,0.9525605042164392,1.0,
"30,000 points",30000,51,0.97,0.9365655190436282,1.0,
"30,000 points",30000,52,0.97,0.9365655190436282,1.0,
"30,000 points",30000,53,1.0,1.0,1.0,
"30,000 points",30000,54,0.96,0.9215927065891575,0.9984072934108424,
"30,000 points",30000,55,0.97,0.9365655190436282,1.0,
"30,000 points",30000,56,0.98,0.9525605042164392,1.0,
"30,000 points",30000,57,0.95,0.9072835752920528,0.9927164247079471,
"30,000 points",30000,58,0.98,0.9525605042164392,1.0,
"30,000 points",30000,59,0.98,0.9525605042164392,1.0,
"30,000 points",30000,60,0.96,0.9215927065891575,0.9984072934108424,
"30,000 points",30000,61,0.96,0.9215927065891575,0.9984072934108424,
"30,000 points",30000,62,0.97,0.9365655190436282,1.0,
"30,000 points",30000,63,0.97,0.9365655190436282,1.0,
"30,000 points",30000,64,1.0,1.0,1.0,
"30,000 points",30000,65,0.97,0.9365655190436282,1.0,
"30,000 points",30000,66,0.98,0.9525605042164392,1.0,
"30,000 points",30000,67,0.94,0.8934534343385949,0.986546565661405,
"30,000 points",30000,68,0.96,0.9215927065891575,0.9984072934108424,
"30,000 points",30000,69,0.98,0.9525605042164392,1.0,
"30,000 points",30000,70,0.98,0.9525605042164392,1.0,
"30,000 points",30000,71,0.97,0.9365655190436282,1.0,
"30,000 points",30000,72,0.95,0.9072835752920528,0.9927164247079471,
"30,000 points",30000,73,0.98,0.9525605042164392,1.0,
"30,000 points",30000,74,0.98,0.9525605042164392,1.0,
"30,000 points",30000,75,0.97,0.9365655190436282,1.0,
"30,000 points",30000,76,0.98,0.9525605042164392,1.0,
"30,000 points",30000,77,0.97,0.9365655190436282,1.0,
"30,000 points",30000,78,0.95,0.9072835752920528,0.9927164247079471,
"30,000 points",30000,79,0.95,0.9072835752920528,0.9927164247079471,
"30,000 points",30000,80,0.94,0.8934534343385949,0.986546565661405,
"30,000 points",30000,81,0.93,0.8799921037007967,0.9800078962992034,
"30,000 points",30000,82,0.93,0.8799921037007967,0.9800078962992034,
"30,000 points",30000,83,0.85,0.7800152874094276,0.9199847125905724,
"30,000 points",30000,84,0.9,0.8412010804637984,0.9587989195362017,
"30,000 points",30000,85,0.9,0.8412010804637984,0.9587989195362017,
"30,000 points",30000,86,0.86,0.7919917915239952,0.9280082084760047,
"30,000 points",30000,87,0.76,0.676293244663611,0.8437067553363891,
"30,000 points",30000,88,0.79,0.7101690524700379,0.8698309475299622,
"30,000 points",30000,89,0.71,0.6210642720173202,0.7989357279826798,
"30,000 points",30000,90,0.71,0.6210642720173202,0.7989357279826798,
"30,000 points",30000,91,0.59,0.4936024435617837,0.6863975564382162,
"30,000 points",30000,92,0.42,0.3232643101683205,0.5167356898316795,
"30,000 points",30000,93,0.35,0.25651567608909426,0.4434843239109057,
"30,000 points",30000,94,0.09,0.03390940565345656,0.14609059434654342,
"30,000 points",30000,95,0.12,0.056308709271573096,0.18369129072842688,
"30,000 points",30000,96,0.12,0.056308709271573096,0.18369129072842688,
"30,000 points",30000,97,0.07,0.019992103700796647,0.12000789629920336,
"30,000 points",30000,98,0.1,0.04120108046379837,0.15879891953620165,
